product_id,product_name,forecast_entity,report_path,homepage_bubble_name,included_on_homepage,year,revenue_m,target_units,target_price_usd,price_basis,unit_basis,blended_asp_check,archetype,forecast_status,y3_source,homepage_legacy_y3_m,final_base_y3_m,channel_conversion_factor,online_share_assumption,amazon_marketplace_revenue_m,direct_ecommerce_revenue_m,auto_retail_revenue_m,mass_hardware_retail_revenue_m,specialty_retail_revenue_m,distributor_b2b_revenue_m,fleet_commercial_revenue_m,other_revenue_m,total_channel_revenue_m,revenue_formula_check,y4_y5_rule,gate_or_caveat,notes
emergency-kit,Emergency Kit,Emergency Kit (combined SKUs),products/emergency-kit/index.html,Emergency Kit,True,1,7.0,40000,175.0,blended_retail_sell_through,annual_units,175.0,C_platform_big_bet,derived,report-derived,30.0,29.9,1.0,N/A - already all-channel,1.7324,0.4682,0.0,2.2241,0.9365,0.0,1.6388,0.0,7.0,OK,Platform big-bet: Y4 = 1.40 x Y3 (retail rollout maturing); Y5 = 1.70 x Y3 (insurance partnership scale + replacement demand).,"Insurance partnership conversion is the largest single risk; if it slips, base-case Y3 falls toward $22-24M.",Retail sell-through revenue. Y4/Y5 ramp assumes one additional mass retailer plus first replacement-cycle pull-through.
emergency-kit,Emergency Kit,Emergency Kit (combined SKUs),products/emergency-kit/index.html,Emergency Kit,True,2,16.5,90000,183.33,blended_retail_sell_through,annual_units,183.33,C_platform_big_bet,derived,report-derived,30.0,29.9,1.0,N/A - already all-channel,4.0836,1.1037,0.0,5.2425,2.2074,0.0,3.8629,0.0,16.5001,OK,Platform big-bet: Y4 = 1.40 x Y3 (retail rollout maturing); Y5 = 1.70 x Y3 (insurance partnership scale + replacement demand).,"Insurance partnership conversion is the largest single risk; if it slips, base-case Y3 falls toward $22-24M.",Retail sell-through revenue. Y4/Y5 ramp assumes one additional mass retailer plus first replacement-cycle pull-through.
emergency-kit,Emergency Kit,Emergency Kit (combined SKUs),products/emergency-kit/index.html,Emergency Kit,True,3,29.9,160000,186.88,blended_retail_sell_through,annual_units,186.88,C_platform_big_bet,report-derived,report-derived,30.0,29.9,1.0,N/A - already all-channel,7.4,2.0,0.0,9.5,4.0,0.0,7.0,0.0,29.9,OK,Platform big-bet: Y4 = 1.40 x Y3 (retail rollout maturing); Y5 = 1.70 x Y3 (insurance partnership scale + replacement demand).,"Insurance partnership conversion is the largest single risk; if it slips, base-case Y3 falls toward $22-24M.",Retail sell-through revenue. Y4/Y5 ramp assumes one additional mass retailer plus first replacement-cycle pull-through.
emergency-kit,Emergency Kit,Emergency Kit (combined SKUs),products/emergency-kit/index.html,Emergency Kit,True,4,41.86,224000,186.88,blended_retail_sell_through,annual_units,186.88,C_platform_big_bet,derived,report-derived,30.0,29.9,1.0,N/A - already all-channel,10.36,2.8,0.0,13.3,5.6,0.0,9.8,0.0,41.86,OK,Platform big-bet: Y4 = 1.40 x Y3 (retail rollout maturing); Y5 = 1.70 x Y3 (insurance partnership scale + replacement demand).,"Insurance partnership conversion is the largest single risk; if it slips, base-case Y3 falls toward $22-24M.",Retail sell-through revenue. Y4/Y5 ramp assumes one additional mass retailer plus first replacement-cycle pull-through.
emergency-kit,Emergency Kit,Emergency Kit (combined SKUs),products/emergency-kit/index.html,Emergency Kit,True,5,50.83,272000,186.88,blended_retail_sell_through,annual_units,186.88,C_platform_big_bet,derived,report-derived,30.0,29.9,1.0,N/A - already all-channel,12.58,3.4,0.0,16.15,6.8,0.0,11.9,0.0,50.83,OK,Platform big-bet: Y4 = 1.40 x Y3 (retail rollout maturing); Y5 = 1.70 x Y3 (insurance partnership scale + replacement demand).,"Insurance partnership conversion is the largest single risk; if it slips, base-case Y3 falls toward $22-24M.",Retail sell-through revenue. Y4/Y5 ramp assumes one additional mass retailer plus first replacement-cycle pull-through.
jump-starters,Jump Starter,Jump Starter (Compact + Full-Size),products/jump-starters/index.html,Jump Starter,True,1,4.15,50000,83.0,blended_retail_sell_through,annual_units,83.0,C_platform_big_bet,derived,reconciled,17.0,17.3,1.0,N/A - reverted; report base case kept until AutoZone door-velocity is validated,2.6627,0.2879,0.8396,0.3598,0.0,0.0,0.0,0.0,4.15,OK,Platform big-bet (gated): Y4 = 1.35 x Y3 conditional on a named auto-parts retailer landing; Y5 = 1.65 x Y3 if that retailer hits target sell-through.,"Y4/Y5 ramp assumes confirmed AutoZone (or equivalent) shelf placement and ASP discipline; if pricing collapses below $70/$110 floor, Y5 caps closer to 1.30-1.40 x Y3.",Pricing strategy flagged as a key sensitivity in the underlying report; ASP floor must be defended.
jump-starters,Jump Starter,Jump Starter (Compact + Full-Size),products/jump-starters/index.html,Jump Starter,True,2,10.1,115000,87.83,blended_retail_sell_through,annual_units,87.83,C_platform_big_bet,derived,reconciled,17.0,17.3,1.0,N/A - reverted; report base case kept until AutoZone door-velocity is validated,6.4803,0.7006,2.0434,0.8757,0.0,0.0,0.0,0.0,10.1,OK,Platform big-bet (gated): Y4 = 1.35 x Y3 conditional on a named auto-parts retailer landing; Y5 = 1.65 x Y3 if that retailer hits target sell-through.,"Y4/Y5 ramp assumes confirmed AutoZone (or equivalent) shelf placement and ASP discipline; if pricing collapses below $70/$110 floor, Y5 caps closer to 1.30-1.40 x Y3.",Pricing strategy flagged as a key sensitivity in the underlying report; ASP floor must be defended.
jump-starters,Jump Starter,Jump Starter (Compact + Full-Size),products/jump-starters/index.html,Jump Starter,True,3,17.3,190000,91.05,blended_retail_sell_through,annual_units,91.05,C_platform_big_bet,reconciled,reconciled,17.0,17.3,1.0,N/A - reverted; report base case kept until AutoZone door-velocity is validated,11.1,1.2,3.5,1.5,0.0,0.0,0.0,0.0,17.3,OK,Platform big-bet (gated): Y4 = 1.35 x Y3 conditional on a named auto-parts retailer landing; Y5 = 1.65 x Y3 if that retailer hits target sell-through.,"Y4/Y5 ramp assumes confirmed AutoZone (or equivalent) shelf placement and ASP discipline; if pricing collapses below $70/$110 floor, Y5 caps closer to 1.30-1.40 x Y3.",Pricing strategy flagged as a key sensitivity in the underlying report; ASP floor must be defended.
jump-starters,Jump Starter,Jump Starter (Compact + Full-Size),products/jump-starters/index.html,Jump Starter,True,4,23.36,256500,91.05,blended_retail_sell_through,annual_units,91.07,C_platform_big_bet,derived,reconciled,17.0,17.3,1.0,N/A - reverted; report base case kept until AutoZone door-velocity is validated,14.9882,1.6203,4.726,2.0254,0.0,0.0,0.0,0.0,23.3599,OK,Platform big-bet (gated): Y4 = 1.35 x Y3 conditional on a named auto-parts retailer landing; Y5 = 1.65 x Y3 if that retailer hits target sell-through.,"Y4/Y5 ramp assumes confirmed AutoZone (or equivalent) shelf placement and ASP discipline; if pricing collapses below $70/$110 floor, Y5 caps closer to 1.30-1.40 x Y3.",Pricing strategy flagged as a key sensitivity in the underlying report; ASP floor must be defended.
jump-starters,Jump Starter,Jump Starter (Compact + Full-Size),products/jump-starters/index.html,Jump Starter,True,5,28.55,313500,91.05,blended_retail_sell_through,annual_units,91.07,C_platform_big_bet,derived,reconciled,17.0,17.3,1.0,N/A - reverted; report base case kept until AutoZone door-velocity is validated,18.3182,1.9803,5.776,2.4754,0.0,0.0,0.0,0.0,28.5499,OK,Platform big-bet (gated): Y4 = 1.35 x Y3 conditional on a named auto-parts retailer landing; Y5 = 1.65 x Y3 if that retailer hits target sell-through.,"Y4/Y5 ramp assumes confirmed AutoZone (or equivalent) shelf placement and ASP discipline; if pricing collapses below $70/$110 floor, Y5 caps closer to 1.30-1.40 x Y3.",Pricing strategy flagged as a key sensitivity in the underlying report; ASP floor must be defended.
mechanic-stool,Mechanic Stool,Mechanic Stool (Standard + Premium),products/mechanic-stool/index.html,Mech. Stool,True,1,0.98,9000,108.89,blended_retail_sell_through,annual_units,108.89,B_adjacent_retail,derived,reconciled,3.9,3.87,1.0,N/A - reverted; no retailer named or % quantified for an 80% uplift,0.6457,0.114,0.1646,0.0,0.0557,0.0,0.0,0.0,0.98,OK,Adjacent w/ credible retail (low end): Y4 = 1.20 x Y3 ; Y5 = 1.40 x Y3. Restrained because no retailer is named in the report.,Y4/Y5 ramp gated on at least one named retailer landing in Y3.,Retail upside is real but not yet contracted; archetype B kept at the conservative end.
mechanic-stool,Mechanic Stool,Mechanic Stool (Standard + Premium),products/mechanic-stool/index.html,Mech. Stool,True,2,2.11,19000,111.05,blended_retail_sell_through,annual_units,111.05,B_adjacent_retail,derived,reconciled,3.9,3.87,1.0,N/A - reverted; no retailer named or % quantified for an 80% uplift,1.3903,0.2453,0.3544,0.0,0.1199,0.0,0.0,0.0,2.1099,OK,Adjacent w/ credible retail (low end): Y4 = 1.20 x Y3 ; Y5 = 1.40 x Y3. Restrained because no retailer is named in the report.,Y4/Y5 ramp gated on at least one named retailer landing in Y3.,Retail upside is real but not yet contracted; archetype B kept at the conservative end.
mechanic-stool,Mechanic Stool,Mechanic Stool (Standard + Premium),products/mechanic-stool/index.html,Mech. Stool,True,3,3.87,34000,113.82,blended_retail_sell_through,annual_units,113.82,B_adjacent_retail,reconciled,reconciled,3.9,3.87,1.0,N/A - reverted; no retailer named or % quantified for an 80% uplift,2.55,0.45,0.65,0.0,0.22,0.0,0.0,0.0,3.87,OK,Adjacent w/ credible retail (low end): Y4 = 1.20 x Y3 ; Y5 = 1.40 x Y3. Restrained because no retailer is named in the report.,Y4/Y5 ramp gated on at least one named retailer landing in Y3.,Retail upside is real but not yet contracted; archetype B kept at the conservative end.
mechanic-stool,Mechanic Stool,Mechanic Stool (Standard + Premium),products/mechanic-stool/index.html,Mech. Stool,True,4,4.64,40800,113.82,blended_retail_sell_through,annual_units,113.73,B_adjacent_retail,derived,reconciled,3.9,3.87,1.0,N/A - reverted; no retailer named or % quantified for an 80% uplift,3.0574,0.5395,0.7793,0.0,0.2638,0.0,0.0,0.0,4.64,OK,Adjacent w/ credible retail (low end): Y4 = 1.20 x Y3 ; Y5 = 1.40 x Y3. Restrained because no retailer is named in the report.,Y4/Y5 ramp gated on at least one named retailer landing in Y3.,Retail upside is real but not yet contracted; archetype B kept at the conservative end.
mechanic-stool,Mechanic Stool,Mechanic Stool (Standard + Premium),products/mechanic-stool/index.html,Mech. Stool,True,5,5.42,47600,113.82,blended_retail_sell_through,annual_units,113.87,B_adjacent_retail,derived,reconciled,3.9,3.87,1.0,N/A - reverted; no retailer named or % quantified for an 80% uplift,3.5713,0.6302,0.9103,0.0,0.3081,0.0,0.0,0.0,5.4199,OK,Adjacent w/ credible retail (low end): Y4 = 1.20 x Y3 ; Y5 = 1.40 x Y3. Restrained because no retailer is named in the report.,Y4/Y5 ramp gated on at least one named retailer landing in Y3.,Retail upside is real but not yet contracted; archetype B kept at the conservative end.
battery-monitor,Battery Monitor,Battery Monitor (Classic + Character),products/battery-monitor/index.html,Bat. Monitor,True,1,0.71,32000,22.19,blended_retail_sell_through,annual_units,22.19,A_core_refresh,derived,reconciled,2.0,2.01,1.0,"N/A - reverted; this is a defensive refresh, not an all-channel growth model",0.4592,0.0353,0.2155,0.0,0.0,0.0,0.0,0.0,0.71,OK,Core refresh / defensive: Y4 = 1.10 x Y3 ; Y5 = 1.20 x Y3. Defensive refresh; not category-defining growth.,Defensive refresh; not category-defining growth. Y5 capped at 1.20 x Y3 unless a new SKU or new channel materially changes the franchise.,"Treat as core refresh / defensive, not platform growth. No aggressive uplift applied."
battery-monitor,Battery Monitor,Battery Monitor (Classic + Character),products/battery-monitor/index.html,Bat. Monitor,True,2,1.34,60000,22.33,blended_retail_sell_through,annual_units,22.33,A_core_refresh,derived,reconciled,2.0,2.01,1.0,"N/A - reverted; this is a defensive refresh, not an all-channel growth model",0.8667,0.0667,0.4067,0.0,0.0,0.0,0.0,0.0,1.3401,OK,Core refresh / defensive: Y4 = 1.10 x Y3 ; Y5 = 1.20 x Y3. Defensive refresh; not category-defining growth.,Defensive refresh; not category-defining growth. Y5 capped at 1.20 x Y3 unless a new SKU or new channel materially changes the franchise.,"Treat as core refresh / defensive, not platform growth. No aggressive uplift applied."
battery-monitor,Battery Monitor,Battery Monitor (Classic + Character),products/battery-monitor/index.html,Bat. Monitor,True,3,2.01,90000,22.33,blended_retail_sell_through,annual_units,22.33,A_core_refresh,reconciled,reconciled,2.0,2.01,1.0,"N/A - reverted; this is a defensive refresh, not an all-channel growth model",1.3,0.1,0.61,0.0,0.0,0.0,0.0,0.0,2.01,OK,Core refresh / defensive: Y4 = 1.10 x Y3 ; Y5 = 1.20 x Y3. Defensive refresh; not category-defining growth.,Defensive refresh; not category-defining growth. Y5 capped at 1.20 x Y3 unless a new SKU or new channel materially changes the franchise.,"Treat as core refresh / defensive, not platform growth. No aggressive uplift applied."
battery-monitor,Battery Monitor,Battery Monitor (Classic + Character),products/battery-monitor/index.html,Bat. Monitor,True,4,2.21,99000,22.33,blended_retail_sell_through,annual_units,22.32,A_core_refresh,derived,reconciled,2.0,2.01,1.0,"N/A - reverted; this is a defensive refresh, not an all-channel growth model",1.4294,0.11,0.6707,0.0,0.0,0.0,0.0,0.0,2.2101,OK,Core refresh / defensive: Y4 = 1.10 x Y3 ; Y5 = 1.20 x Y3. Defensive refresh; not category-defining growth.,Defensive refresh; not category-defining growth. Y5 capped at 1.20 x Y3 unless a new SKU or new channel materially changes the franchise.,"Treat as core refresh / defensive, not platform growth. No aggressive uplift applied."
battery-monitor,Battery Monitor,Battery Monitor (Classic + Character),products/battery-monitor/index.html,Bat. Monitor,True,5,2.41,108000,22.33,blended_retail_sell_through,annual_units,22.31,A_core_refresh,derived,reconciled,2.0,2.01,1.0,"N/A - reverted; this is a defensive refresh, not an all-channel growth model",1.5587,0.1199,0.7314,0.0,0.0,0.0,0.0,0.0,2.41,OK,Core refresh / defensive: Y4 = 1.10 x Y3 ; Y5 = 1.20 x Y3. Defensive refresh; not category-defining growth.,Defensive refresh; not category-defining growth. Y5 capped at 1.20 x Y3 unless a new SKU or new channel materially changes the franchise.,"Treat as core refresh / defensive, not platform growth. No aggressive uplift applied."
tool-backpack,Tool Backpack,Tool Backpack (base case),products/tool-backpack/index.html,Tool Backpack,True,1,0.3744,1440,260.0,blended_target_sell_through_price,annual_units,260.0,D_validation_only,derived,reconciled,0.9,1.0296,1.0,N/A - scanner customer cross-sell and Amazon are modeled directly in revenue,0.2031,0.1713,0.0,0.0,0.0,0.0,0.0,0.0,0.3744,OK,Validation-only / niche: Y4 = 1.10 x Y3 ; Y5 = 1.20 x Y3. Run-rate must clear the 60-units/mo viability floor before any wider channel bet.,"Base case uses the $260 target price with a 3,960-unit Year-3 ramp. High-case Y3 is shown as a separate scenario row in the CSV.","Y1 base target is 1,440 units; re-evaluate at month 6. If run-rate < 60 u/mo, exit SKU."
tool-backpack,Tool Backpack,Tool Backpack (base case),products/tool-backpack/index.html,Tool Backpack,True,2,0.6864,2640,260.0,blended_target_sell_through_price,annual_units,260.0,D_validation_only,derived,reconciled,0.9,1.0296,1.0,N/A - scanner customer cross-sell and Amazon are modeled directly in revenue,0.3723,0.3141,0.0,0.0,0.0,0.0,0.0,0.0,0.6864,OK,Validation-only / niche: Y4 = 1.10 x Y3 ; Y5 = 1.20 x Y3. Run-rate must clear the 60-units/mo viability floor before any wider channel bet.,"Base case uses the $260 target price with a 3,960-unit Year-3 ramp. High-case Y3 is shown as a separate scenario row in the CSV.","Y1 base target is 1,440 units; re-evaluate at month 6. If run-rate < 60 u/mo, exit SKU."
tool-backpack,Tool Backpack,Tool Backpack (base case),products/tool-backpack/index.html,Tool Backpack,True,3,1.0296,3960,260.0,blended_target_sell_through_price,annual_units,260.0,D_validation_only,reconciled,reconciled,0.9,1.0296,1.0,N/A - scanner customer cross-sell and Amazon are modeled directly in revenue,0.5584,0.4712,0.0,0.0,0.0,0.0,0.0,0.0,1.0296,OK,Validation-only / niche: Y4 = 1.10 x Y3 ; Y5 = 1.20 x Y3. Run-rate must clear the 60-units/mo viability floor before any wider channel bet.,"Base case uses the $260 target price with a 3,960-unit Year-3 ramp. High-case Y3 is shown as a separate scenario row in the CSV.","Y1 base target is 1,440 units; re-evaluate at month 6. If run-rate < 60 u/mo, exit SKU."
tool-backpack,Tool Backpack,Tool Backpack (base case),products/tool-backpack/index.html,Tool Backpack,True,4,1.131,4350,260.0,blended_target_sell_through_price,annual_units,260.0,D_validation_only,derived,reconciled,0.9,1.0296,1.0,N/A - scanner customer cross-sell and Amazon are modeled directly in revenue,0.6134,0.5176,0.0,0.0,0.0,0.0,0.0,0.0,1.131,OK,Validation-only / niche: Y4 = 1.10 x Y3 ; Y5 = 1.20 x Y3. Run-rate must clear the 60-units/mo viability floor before any wider channel bet.,"Base case uses the $260 target price with a 3,960-unit Year-3 ramp. High-case Y3 is shown as a separate scenario row in the CSV.","Y1 base target is 1,440 units; re-evaluate at month 6. If run-rate < 60 u/mo, exit SKU."
tool-backpack,Tool Backpack,Tool Backpack (base case),products/tool-backpack/index.html,Tool Backpack,True,5,1.235,4750,260.0,blended_target_sell_through_price,annual_units,260.0,D_validation_only,derived,reconciled,0.9,1.0296,1.0,N/A - scanner customer cross-sell and Amazon are modeled directly in revenue,0.6698,0.5652,0.0,0.0,0.0,0.0,0.0,0.0,1.235,OK,Validation-only / niche: Y4 = 1.10 x Y3 ; Y5 = 1.20 x Y3. Run-rate must clear the 60-units/mo viability floor before any wider channel bet.,"Base case uses the $260 target price with a 3,960-unit Year-3 ramp. High-case Y3 is shown as a separate scenario row in the CSV.","Y1 base target is 1,440 units; re-evaluate at month 6. If run-rate < 60 u/mo, exit SKU."
tool-backpack,Tool Backpack,Tool Backpack (high-case scenario),products/tool-backpack/index.html,Tool Backpack,False,1,0.624,2400,260.0,blended_target_sell_through_price,annual_units,260.0,D_validation_only,derived,reconciled,0.9,1.872,1.0,N/A - high-case scenario; Innova cross-sell + Amazon already reflected in revenue,0.3178,0.3062,0.0,0.0,0.0,0.0,0.0,0.0,0.624,OK,Validation-only (high case): Y4 = 1.10 x Y3 ; Y5 = 1.20 x Y3.,High-case scenario; do NOT use as base. Requires sustained 200 u/mo on Innova cross-sell at the $260 target price.,Documented for completeness; not shown on homepage map.
tool-backpack,Tool Backpack,Tool Backpack (high-case scenario),products/tool-backpack/index.html,Tool Backpack,False,2,1.248,4800,260.0,blended_target_sell_through_price,annual_units,260.0,D_validation_only,derived,reconciled,0.9,1.872,1.0,N/A - high-case scenario; Innova cross-sell + Amazon already reflected in revenue,0.6355,0.6125,0.0,0.0,0.0,0.0,0.0,0.0,1.248,OK,Validation-only (high case): Y4 = 1.10 x Y3 ; Y5 = 1.20 x Y3.,High-case scenario; do NOT use as base. Requires sustained 200 u/mo on Innova cross-sell at the $260 target price.,Documented for completeness; not shown on homepage map.
tool-backpack,Tool Backpack,Tool Backpack (high-case scenario),products/tool-backpack/index.html,Tool Backpack,False,3,1.872,7200,260.0,blended_target_sell_through_price,annual_units,260.0,D_validation_only,reconciled,reconciled,0.9,1.872,1.0,N/A - high-case scenario; Innova cross-sell + Amazon already reflected in revenue,0.9533,0.9187,0.0,0.0,0.0,0.0,0.0,0.0,1.872,OK,Validation-only (high case): Y4 = 1.10 x Y3 ; Y5 = 1.20 x Y3.,High-case scenario; do NOT use as base. Requires sustained 200 u/mo on Innova cross-sell at the $260 target price.,Documented for completeness; not shown on homepage map.
tool-backpack,Tool Backpack,Tool Backpack (high-case scenario),products/tool-backpack/index.html,Tool Backpack,False,4,2.0592,7920,260.0,blended_target_sell_through_price,annual_units,260.0,D_validation_only,derived,reconciled,0.9,1.872,1.0,N/A - high-case scenario; Innova cross-sell + Amazon already reflected in revenue,1.0486,1.0106,0.0,0.0,0.0,0.0,0.0,0.0,2.0592,OK,Validation-only (high case): Y4 = 1.10 x Y3 ; Y5 = 1.20 x Y3.,High-case scenario; do NOT use as base. Requires sustained 200 u/mo on Innova cross-sell at the $260 target price.,Documented for completeness; not shown on homepage map.
tool-backpack,Tool Backpack,Tool Backpack (high-case scenario),products/tool-backpack/index.html,Tool Backpack,False,5,2.2464,8640,260.0,blended_target_sell_through_price,annual_units,260.0,D_validation_only,derived,reconciled,0.9,1.872,1.0,N/A - high-case scenario; Innova cross-sell + Amazon already reflected in revenue,1.144,1.1024,0.0,0.0,0.0,0.0,0.0,0.0,2.2464,OK,Validation-only (high case): Y4 = 1.10 x Y3 ; Y5 = 1.20 x Y3.,High-case scenario; do NOT use as base. Requires sustained 200 u/mo on Innova cross-sell at the $260 target price.,Documented for completeness; not shown on homepage map.
Magnetic-Fender-Tool-Roll,Magnetic Silicone Fender Tool Roll,Magnetic Silicone Fender Tool Roll (Standard + Pro/XL),products/Magnetic-Fender-Tool-Roll/index.html,Mag. Fender Tool Roll,True,1,0.48,9000,53.33,blended_retail_sell_through,annual_units,53.33,B_adjacent_retail,derived,reconciled,1.75,1.75,1.0,N/A - reverted; uplift was applied before unit/price math reconciled,0.3291,0.0411,0.1097,0.0,0.0,0.0,0.0,0.0,0.4799,OK,"Adjacent w/ credible retail: Y4 = 1.30 x Y3 ; Y5 = 1.60 x Y3, conditional on smoke-test conversion and retail line-extension rollout.","Reconciliation: report's 'Y3 units' (2,000 + 650 = 2,650) reflects MONTHLY run-rate, not annual. Annual unit equivalent = 31,800. Revenue = 31,800 x blended $55.03 = $1.75M (within rounding). CONDITIONAL GO: smoke test must clear 200+ signups before silicone tooling commitment.",Forecast revenue represents estimated annual retail sell-through.
Magnetic-Fender-Tool-Roll,Magnetic Silicone Fender Tool Roll,Magnetic Silicone Fender Tool Roll (Standard + Pro/XL),products/Magnetic-Fender-Tool-Roll/index.html,Mag. Fender Tool Roll,True,2,1.02,18900,53.97,blended_retail_sell_through,annual_units,53.97,B_adjacent_retail,derived,reconciled,1.75,1.75,1.0,N/A - reverted; uplift was applied before unit/price math reconciled,0.6994,0.0874,0.2331,0.0,0.0,0.0,0.0,0.0,1.0199,OK,"Adjacent w/ credible retail: Y4 = 1.30 x Y3 ; Y5 = 1.60 x Y3, conditional on smoke-test conversion and retail line-extension rollout.","Reconciliation: report's 'Y3 units' (2,000 + 650 = 2,650) reflects MONTHLY run-rate, not annual. Annual unit equivalent = 31,800. Revenue = 31,800 x blended $55.03 = $1.75M (within rounding). CONDITIONAL GO: smoke test must clear 200+ signups before silicone tooling commitment.",Forecast revenue represents estimated annual retail sell-through.
Magnetic-Fender-Tool-Roll,Magnetic Silicone Fender Tool Roll,Magnetic Silicone Fender Tool Roll (Standard + Pro/XL),products/Magnetic-Fender-Tool-Roll/index.html,Mag. Fender Tool Roll,True,3,1.75,31800,55.03,blended_retail_sell_through,annual_units,55.03,B_adjacent_retail,reconciled,reconciled,1.75,1.75,1.0,N/A - reverted; uplift was applied before unit/price math reconciled,1.2,0.15,0.4,0.0,0.0,0.0,0.0,0.0,1.75,OK,"Adjacent w/ credible retail: Y4 = 1.30 x Y3 ; Y5 = 1.60 x Y3, conditional on smoke-test conversion and retail line-extension rollout.","Reconciliation: report's 'Y3 units' (2,000 + 650 = 2,650) reflects MONTHLY run-rate, not annual. Annual unit equivalent = 31,800. Revenue = 31,800 x blended $55.03 = $1.75M (within rounding). CONDITIONAL GO: smoke test must clear 200+ signups before silicone tooling commitment.",Forecast revenue represents estimated annual retail sell-through.
Magnetic-Fender-Tool-Roll,Magnetic Silicone Fender Tool Roll,Magnetic Silicone Fender Tool Roll (Standard + Pro/XL),products/Magnetic-Fender-Tool-Roll/index.html,Mag. Fender Tool Roll,True,4,2.275,41300,55.08,blended_retail_sell_through,annual_units,55.08,B_adjacent_retail,derived,reconciled,1.75,1.75,1.0,N/A - reverted; uplift was applied before unit/price math reconciled,1.56,0.195,0.52,0.0,0.0,0.0,0.0,0.0,2.275,OK,"Adjacent w/ credible retail: Y4 = 1.30 x Y3 ; Y5 = 1.60 x Y3, conditional on smoke-test conversion and retail line-extension rollout.","Reconciliation: report's 'Y3 units' (2,000 + 650 = 2,650) reflects MONTHLY run-rate, not annual. Annual unit equivalent = 31,800. Revenue = 31,800 x blended $55.03 = $1.75M (within rounding). CONDITIONAL GO: smoke test must clear 200+ signups before silicone tooling commitment.",Forecast revenue represents estimated annual retail sell-through.
Magnetic-Fender-Tool-Roll,Magnetic Silicone Fender Tool Roll,Magnetic Silicone Fender Tool Roll (Standard + Pro/XL),products/Magnetic-Fender-Tool-Roll/index.html,Mag. Fender Tool Roll,True,5,2.8,50900,55.01,blended_retail_sell_through,annual_units,55.01,B_adjacent_retail,derived,reconciled,1.75,1.75,1.0,N/A - reverted; uplift was applied before unit/price math reconciled,1.92,0.24,0.64,0.0,0.0,0.0,0.0,0.0,2.8,OK,"Adjacent w/ credible retail: Y4 = 1.30 x Y3 ; Y5 = 1.60 x Y3, conditional on smoke-test conversion and retail line-extension rollout.","Reconciliation: report's 'Y3 units' (2,000 + 650 = 2,650) reflects MONTHLY run-rate, not annual. Annual unit equivalent = 31,800. Revenue = 31,800 x blended $55.03 = $1.75M (within rounding). CONDITIONAL GO: smoke test must clear 200+ signups before silicone tooling commitment.",Forecast revenue represents estimated annual retail sell-through.
DMM,Digital Multimeter (DMM),DMM Core (3320 + 3340 + AutoZone 3-SKU),products/DMM/index.html,DMM Core,True,1,4.0,62500,64.0,blended_retail_sell_through,annual_units,64.0,A_core_refresh,derived,report-derived,4.0,4.5,1.0,N/A - already all-channel,0.32,0.0178,3.6622,0.0,0.0,0.0,0.0,0.0,4.0,OK,"Core refresh / defensive: Y4 = 1.15 x Y3 ; Y5 = 1.25 x Y3. Anchor on report base case, not on the lower homepage label.",Use report Y3 ($4.50M) as authoritative over the homepage's earlier $4.0M label; AutoZone partnership is the load-bearing line.,DMM Core and Audio DMM are kept as separate forecast entities.
DMM,Digital Multimeter (DMM),DMM Core (3320 + 3340 + AutoZone 3-SKU),products/DMM/index.html,DMM Core,True,2,4.2,64700,64.92,blended_retail_sell_through,annual_units,64.91,A_core_refresh,derived,report-derived,4.0,4.5,1.0,N/A - already all-channel,0.336,0.0187,3.8453,0.0,0.0,0.0,0.0,0.0,4.2,OK,"Core refresh / defensive: Y4 = 1.15 x Y3 ; Y5 = 1.25 x Y3. Anchor on report base case, not on the lower homepage label.",Use report Y3 ($4.50M) as authoritative over the homepage's earlier $4.0M label; AutoZone partnership is the load-bearing line.,DMM Core and Audio DMM are kept as separate forecast entities.
DMM,Digital Multimeter (DMM),DMM Core (3320 + 3340 + AutoZone 3-SKU),products/DMM/index.html,DMM Core,True,3,4.5,68700,65.5,blended_retail_sell_through,annual_units,65.5,A_core_refresh,report-derived,report-derived,4.0,4.5,1.0,N/A - already all-channel,0.36,0.02,4.12,0.0,0.0,0.0,0.0,0.0,4.5,OK,"Core refresh / defensive: Y4 = 1.15 x Y3 ; Y5 = 1.25 x Y3. Anchor on report base case, not on the lower homepage label.",Use report Y3 ($4.50M) as authoritative over the homepage's earlier $4.0M label; AutoZone partnership is the load-bearing line.,DMM Core and Audio DMM are kept as separate forecast entities.
DMM,Digital Multimeter (DMM),DMM Core (3320 + 3340 + AutoZone 3-SKU),products/DMM/index.html,DMM Core,True,4,5.18,79000,65.57,blended_retail_sell_through,annual_units,65.57,A_core_refresh,derived,report-derived,4.0,4.5,1.0,N/A - already all-channel,0.4144,0.023,4.7426,0.0,0.0,0.0,0.0,0.0,5.18,OK,"Core refresh / defensive: Y4 = 1.15 x Y3 ; Y5 = 1.25 x Y3. Anchor on report base case, not on the lower homepage label.",Use report Y3 ($4.50M) as authoritative over the homepage's earlier $4.0M label; AutoZone partnership is the load-bearing line.,DMM Core and Audio DMM are kept as separate forecast entities.
DMM,Digital Multimeter (DMM),DMM Core (3320 + 3340 + AutoZone 3-SKU),products/DMM/index.html,DMM Core,True,5,5.63,85900,65.54,blended_retail_sell_through,annual_units,65.54,A_core_refresh,derived,report-derived,4.0,4.5,1.0,N/A - already all-channel,0.4504,0.025,5.1546,0.0,0.0,0.0,0.0,0.0,5.63,OK,"Core refresh / defensive: Y4 = 1.15 x Y3 ; Y5 = 1.25 x Y3. Anchor on report base case, not on the lower homepage label.",Use report Y3 ($4.50M) as authoritative over the homepage's earlier $4.0M label; AutoZone partnership is the load-bearing line.,DMM Core and Audio DMM are kept as separate forecast entities.
DMM,Digital Multimeter (DMM),Audio DMM (validation-only),products/DMM/index.html,Audio DMM,True,1,0.1,2200,45.45,blended_retail_sell_through,annual_units,45.45,D_validation_only,derived,reconciled,2.0,0.5,1.0,N/A - validation-only concept; Amazon-first if it launches at all,0.1,0.0,0.0,0.0,0.0,0.0,0.0,0.0,0.1,OK,Validation-only / niche: flat to modest growth (1.10 / 1.20) ONLY if concept test passes.,Validation-only / gated. Numbers shown only IF the $500-$2K concept test clears 100+ pre-orders. Otherwise this entity is dropped from the portfolio.,Kept as separate bubble on the homepage with a validation-only label so it does not inherit DMM Core's economics.
DMM,Digital Multimeter (DMM),Audio DMM (validation-only),products/DMM/index.html,Audio DMM,True,2,0.3,6700,44.78,blended_retail_sell_through,annual_units,44.78,D_validation_only,derived,reconciled,2.0,0.5,1.0,N/A - validation-only concept; Amazon-first if it launches at all,0.3,0.0,0.0,0.0,0.0,0.0,0.0,0.0,0.3,OK,Validation-only / niche: flat to modest growth (1.10 / 1.20) ONLY if concept test passes.,Validation-only / gated. Numbers shown only IF the $500-$2K concept test clears 100+ pre-orders. Otherwise this entity is dropped from the portfolio.,Kept as separate bubble on the homepage with a validation-only label so it does not inherit DMM Core's economics.
DMM,Digital Multimeter (DMM),Audio DMM (validation-only),products/DMM/index.html,Audio DMM,True,3,0.5,11100,45.05,blended_retail_sell_through,annual_units,45.05,D_validation_only,reconciled,reconciled,2.0,0.5,1.0,N/A - validation-only concept; Amazon-first if it launches at all,0.5,0.0,0.0,0.0,0.0,0.0,0.0,0.0,0.5,OK,Validation-only / niche: flat to modest growth (1.10 / 1.20) ONLY if concept test passes.,Validation-only / gated. Numbers shown only IF the $500-$2K concept test clears 100+ pre-orders. Otherwise this entity is dropped from the portfolio.,Kept as separate bubble on the homepage with a validation-only label so it does not inherit DMM Core's economics.
DMM,Digital Multimeter (DMM),Audio DMM (validation-only),products/DMM/index.html,Audio DMM,True,4,0.55,12200,45.08,blended_retail_sell_through,annual_units,45.08,D_validation_only,derived,reconciled,2.0,0.5,1.0,N/A - validation-only concept; Amazon-first if it launches at all,0.55,0.0,0.0,0.0,0.0,0.0,0.0,0.0,0.55,OK,Validation-only / niche: flat to modest growth (1.10 / 1.20) ONLY if concept test passes.,Validation-only / gated. Numbers shown only IF the $500-$2K concept test clears 100+ pre-orders. Otherwise this entity is dropped from the portfolio.,Kept as separate bubble on the homepage with a validation-only label so it does not inherit DMM Core's economics.
DMM,Digital Multimeter (DMM),Audio DMM (validation-only),products/DMM/index.html,Audio DMM,True,5,0.6,13300,45.11,blended_retail_sell_through,annual_units,45.11,D_validation_only,derived,reconciled,2.0,0.5,1.0,N/A - validation-only concept; Amazon-first if it launches at all,0.6,0.0,0.0,0.0,0.0,0.0,0.0,0.0,0.6,OK,Validation-only / niche: flat to modest growth (1.10 / 1.20) ONLY if concept test passes.,Validation-only / gated. Numbers shown only IF the $500-$2K concept test clears 100+ pre-orders. Otherwise this entity is dropped from the portfolio.,Kept as separate bubble on the homepage with a validation-only label so it does not inherit DMM Core's economics.
Leak Detector Sniffer,Leak Detector Sniffer,Leak Detector Sniffer (single dual-mode SKU),products/Leak Detector Sniffer/index.html,Leak Detector Sniffer,True,1,0.535,3300,162.12,blended_retail_sell_through,annual_units,162.12,B_adjacent_retail,derived,reconciled,1.84,2.1,1.14,Modest 14% retail uplift accepted (1.14x) given AutoZone/NAPA Innova distribution real but unmodeled in conservative case,0.3567,0.0382,0.1401,0.0,0.0,0.0,0.0,0.0,0.535,OK,"Adjacent w/ credible retail (low end): Y4 = 1.20 x Y3 ; Y5 = 1.35 x Y3, conditional on retail placement, acceptable return rate, and warranty validation.","GATE: Y4/Y5 expansion requires (1) confirmed retail placement at AutoZone or NAPA, (2) acceptable Amazon return rate (<8%), (3) warranty cost validation. If no retail placement is contracted by mid-Y2, cap Y4/Y5 closer to 1.10x / 1.15x.",Modest uplift accepted because Innova retail distribution is genuinely real for diagnostic SKUs.
Leak Detector Sniffer,Leak Detector Sniffer,Leak Detector Sniffer (single dual-mode SKU),products/Leak Detector Sniffer/index.html,Leak Detector Sniffer,True,2,1.11,6500,170.77,blended_retail_sell_through,annual_units,170.77,B_adjacent_retail,derived,reconciled,1.84,2.1,1.14,Modest 14% retail uplift accepted (1.14x) given AutoZone/NAPA Innova distribution real but unmodeled in conservative case,0.74,0.0793,0.2907,0.0,0.0,0.0,0.0,0.0,1.11,OK,"Adjacent w/ credible retail (low end): Y4 = 1.20 x Y3 ; Y5 = 1.35 x Y3, conditional on retail placement, acceptable return rate, and warranty validation.","GATE: Y4/Y5 expansion requires (1) confirmed retail placement at AutoZone or NAPA, (2) acceptable Amazon return rate (<8%), (3) warranty cost validation. If no retail placement is contracted by mid-Y2, cap Y4/Y5 closer to 1.10x / 1.15x.",Modest uplift accepted because Innova retail distribution is genuinely real for diagnostic SKUs.
Leak Detector Sniffer,Leak Detector Sniffer,Leak Detector Sniffer (single dual-mode SKU),products/Leak Detector Sniffer/index.html,Leak Detector Sniffer,True,3,2.1,11200,187.5,blended_retail_sell_through,annual_units,187.5,B_adjacent_retail,reconciled,reconciled,1.84,2.1,1.14,Modest 14% retail uplift accepted (1.14x) given AutoZone/NAPA Innova distribution real but unmodeled in conservative case,1.4,0.15,0.55,0.0,0.0,0.0,0.0,0.0,2.1,OK,"Adjacent w/ credible retail (low end): Y4 = 1.20 x Y3 ; Y5 = 1.35 x Y3, conditional on retail placement, acceptable return rate, and warranty validation.","GATE: Y4/Y5 expansion requires (1) confirmed retail placement at AutoZone or NAPA, (2) acceptable Amazon return rate (<8%), (3) warranty cost validation. If no retail placement is contracted by mid-Y2, cap Y4/Y5 closer to 1.10x / 1.15x.",Modest uplift accepted because Innova retail distribution is genuinely real for diagnostic SKUs.
Leak Detector Sniffer,Leak Detector Sniffer,Leak Detector Sniffer (single dual-mode SKU),products/Leak Detector Sniffer/index.html,Leak Detector Sniffer,True,4,2.52,13440,187.5,blended_retail_sell_through,annual_units,187.5,B_adjacent_retail,derived,reconciled,1.84,2.1,1.14,Modest 14% retail uplift accepted (1.14x) given AutoZone/NAPA Innova distribution real but unmodeled in conservative case,1.68,0.18,0.66,0.0,0.0,0.0,0.0,0.0,2.52,OK,"Adjacent w/ credible retail (low end): Y4 = 1.20 x Y3 ; Y5 = 1.35 x Y3, conditional on retail placement, acceptable return rate, and warranty validation.","GATE: Y4/Y5 expansion requires (1) confirmed retail placement at AutoZone or NAPA, (2) acceptable Amazon return rate (<8%), (3) warranty cost validation. If no retail placement is contracted by mid-Y2, cap Y4/Y5 closer to 1.10x / 1.15x.",Modest uplift accepted because Innova retail distribution is genuinely real for diagnostic SKUs.
Leak Detector Sniffer,Leak Detector Sniffer,Leak Detector Sniffer (single dual-mode SKU),products/Leak Detector Sniffer/index.html,Leak Detector Sniffer,True,5,2.835,15120,187.5,blended_retail_sell_through,annual_units,187.5,B_adjacent_retail,derived,reconciled,1.84,2.1,1.14,Modest 14% retail uplift accepted (1.14x) given AutoZone/NAPA Innova distribution real but unmodeled in conservative case,1.89,0.2025,0.7425,0.0,0.0,0.0,0.0,0.0,2.835,OK,"Adjacent w/ credible retail (low end): Y4 = 1.20 x Y3 ; Y5 = 1.35 x Y3, conditional on retail placement, acceptable return rate, and warranty validation.","GATE: Y4/Y5 expansion requires (1) confirmed retail placement at AutoZone or NAPA, (2) acceptable Amazon return rate (<8%), (3) warranty cost validation. If no retail placement is contracted by mid-Y2, cap Y4/Y5 closer to 1.10x / 1.15x.",Modest uplift accepted because Innova retail distribution is genuinely real for diagnostic SKUs.
LED Light Bar,LED Light Bar (MODU-LIGHT PRO),MODU-LIGHT PRO + accessories,products/LED Light Bar/index.html,LED Light Bar,True,1,1.5,18000,83.33,blended_retail_sell_through,annual_units,83.33,B_adjacent_retail,derived,report-derived,3.8,3.9,1.0,N/A - already all-channel (Amazon DTC -> AutoZone Commercial -> NAPA/O'Reilly modeled),0.5385,0.0,0.5,0.0,0.3654,0.0,0.0,0.0962,1.5001,OK,Adjacent w/ credible retail (mid range): Y4 = 1.30 x Y3 ; Y5 = 1.55 x Y3 driven by accessory attach + commercial fleet expansion.,Y4/Y5 ramp gated on accessory attach rate and AutoZone Commercial sell-through holding through replacement cycle.,"$79 MAP defended; high-case ($6.1M) requires Harbor Freight or other national retailer, which is not assumed here."
LED Light Bar,LED Light Bar (MODU-LIGHT PRO),MODU-LIGHT PRO + accessories,products/LED Light Bar/index.html,LED Light Bar,True,2,2.9,35400,81.92,blended_retail_sell_through,annual_units,81.92,B_adjacent_retail,derived,report-derived,3.8,3.9,1.0,N/A - already all-channel (Amazon DTC -> AutoZone Commercial -> NAPA/O'Reilly modeled),1.041,0.0,0.9667,0.0,0.7064,0.0,0.0,0.1859,2.9,OK,Adjacent w/ credible retail (mid range): Y4 = 1.30 x Y3 ; Y5 = 1.55 x Y3 driven by accessory attach + commercial fleet expansion.,Y4/Y5 ramp gated on accessory attach rate and AutoZone Commercial sell-through holding through replacement cycle.,"$79 MAP defended; high-case ($6.1M) requires Harbor Freight or other national retailer, which is not assumed here."
LED Light Bar,LED Light Bar (MODU-LIGHT PRO),MODU-LIGHT PRO + accessories,products/LED Light Bar/index.html,LED Light Bar,True,3,3.9,47500,82.11,blended_retail_sell_through,annual_units,82.11,B_adjacent_retail,report-derived,report-derived,3.8,3.9,1.0,N/A - already all-channel (Amazon DTC -> AutoZone Commercial -> NAPA/O'Reilly modeled),1.4,0.0,1.3,0.0,0.95,0.0,0.0,0.25,3.9,OK,Adjacent w/ credible retail (mid range): Y4 = 1.30 x Y3 ; Y5 = 1.55 x Y3 driven by accessory attach + commercial fleet expansion.,Y4/Y5 ramp gated on accessory attach rate and AutoZone Commercial sell-through holding through replacement cycle.,"$79 MAP defended; high-case ($6.1M) requires Harbor Freight or other national retailer, which is not assumed here."
LED Light Bar,LED Light Bar (MODU-LIGHT PRO),MODU-LIGHT PRO + accessories,products/LED Light Bar/index.html,LED Light Bar,True,4,5.07,61750,82.11,blended_retail_sell_through,annual_units,82.11,B_adjacent_retail,derived,report-derived,3.8,3.9,1.0,N/A - already all-channel (Amazon DTC -> AutoZone Commercial -> NAPA/O'Reilly modeled),1.82,0.0,1.69,0.0,1.235,0.0,0.0,0.325,5.07,OK,Adjacent w/ credible retail (mid range): Y4 = 1.30 x Y3 ; Y5 = 1.55 x Y3 driven by accessory attach + commercial fleet expansion.,Y4/Y5 ramp gated on accessory attach rate and AutoZone Commercial sell-through holding through replacement cycle.,"$79 MAP defended; high-case ($6.1M) requires Harbor Freight or other national retailer, which is not assumed here."
LED Light Bar,LED Light Bar (MODU-LIGHT PRO),MODU-LIGHT PRO + accessories,products/LED Light Bar/index.html,LED Light Bar,True,5,6.05,73700,82.1,blended_retail_sell_through,annual_units,82.09,B_adjacent_retail,derived,report-derived,3.8,3.9,1.0,N/A - already all-channel (Amazon DTC -> AutoZone Commercial -> NAPA/O'Reilly modeled),2.1718,0.0,2.0167,0.0,1.4737,0.0,0.0,0.3878,6.05,OK,Adjacent w/ credible retail (mid range): Y4 = 1.30 x Y3 ; Y5 = 1.55 x Y3 driven by accessory attach + commercial fleet expansion.,Y4/Y5 ramp gated on accessory attach rate and AutoZone Commercial sell-through holding through replacement cycle.,"$79 MAP defended; high-case ($6.1M) requires Harbor Freight or other national retailer, which is not assumed here."
Oil Extractor Tool,Oil Extractor Tool,Oil Extractor (Auto + Manual),products/Oil Extractor Tool/index.html,Oil Extractor Tool,True,1,0.82,12000,68.33,blended_retail_sell_through_innova_realized,annual_units,68.33,B_adjacent_retail,derived,reconciled,3.58,3.58,1.0,N/A - already all-channel,0.3207,0.0,0.3734,0.126,0.0,0.0,0.0,0.0,0.8201,OK,Adjacent w/ credible retail: Y4 = 1.25 x Y3 (retailer 4 onboards + Manual mix matures) ; Y5 = 1.45 x Y3 (organic Amazon ranking compounds).,"Reconciliation: revenue / annual units gives Innova-realized blended ASP that scales from $68 in Y1 (Amazon launch, Manual-heavy mix) to $188 in Y3 (Auto SKU dominant + retail mix). Wholesale supplier ASP is separately $24-27, used for COGS not revenue. Revenue x units reconciles to the $3.58M Y3 anchor.","Forecast revenue represents Innova-realized retail sell-through (after Amazon fees / retailer margin), not gross MSRP and not wholesale."
Oil Extractor Tool,Oil Extractor Tool,Oil Extractor (Auto + Manual),products/Oil Extractor Tool/index.html,Oil Extractor Tool,True,2,1.9,17500,108.57,blended_retail_sell_through_innova_realized,annual_units,108.57,B_adjacent_retail,derived,reconciled,3.58,3.58,1.0,N/A - already all-channel,0.743,0.0,0.8651,0.2919,0.0,0.0,0.0,0.0,1.9,OK,Adjacent w/ credible retail: Y4 = 1.25 x Y3 (retailer 4 onboards + Manual mix matures) ; Y5 = 1.45 x Y3 (organic Amazon ranking compounds).,"Reconciliation: revenue / annual units gives Innova-realized blended ASP that scales from $68 in Y1 (Amazon launch, Manual-heavy mix) to $188 in Y3 (Auto SKU dominant + retail mix). Wholesale supplier ASP is separately $24-27, used for COGS not revenue. Revenue x units reconciles to the $3.58M Y3 anchor.","Forecast revenue represents Innova-realized retail sell-through (after Amazon fees / retailer margin), not gross MSRP and not wholesale."
Oil Extractor Tool,Oil Extractor Tool,Oil Extractor (Auto + Manual),products/Oil Extractor Tool/index.html,Oil Extractor Tool,True,3,3.58,19000,188.42,blended_retail_sell_through_innova_realized,annual_units,188.42,B_adjacent_retail,reconciled,reconciled,3.58,3.58,1.0,N/A - already all-channel,1.4,0.0,1.63,0.55,0.0,0.0,0.0,0.0,3.58,OK,Adjacent w/ credible retail: Y4 = 1.25 x Y3 (retailer 4 onboards + Manual mix matures) ; Y5 = 1.45 x Y3 (organic Amazon ranking compounds).,"Reconciliation: revenue / annual units gives Innova-realized blended ASP that scales from $68 in Y1 (Amazon launch, Manual-heavy mix) to $188 in Y3 (Auto SKU dominant + retail mix). Wholesale supplier ASP is separately $24-27, used for COGS not revenue. Revenue x units reconciles to the $3.58M Y3 anchor.","Forecast revenue represents Innova-realized retail sell-through (after Amazon fees / retailer margin), not gross MSRP and not wholesale."
Oil Extractor Tool,Oil Extractor Tool,Oil Extractor (Auto + Manual),products/Oil Extractor Tool/index.html,Oil Extractor Tool,True,4,4.475,23750,188.42,blended_retail_sell_through_innova_realized,annual_units,188.42,B_adjacent_retail,derived,reconciled,3.58,3.58,1.0,N/A - already all-channel,1.75,0.0,2.0375,0.6875,0.0,0.0,0.0,0.0,4.475,OK,Adjacent w/ credible retail: Y4 = 1.25 x Y3 (retailer 4 onboards + Manual mix matures) ; Y5 = 1.45 x Y3 (organic Amazon ranking compounds).,"Reconciliation: revenue / annual units gives Innova-realized blended ASP that scales from $68 in Y1 (Amazon launch, Manual-heavy mix) to $188 in Y3 (Auto SKU dominant + retail mix). Wholesale supplier ASP is separately $24-27, used for COGS not revenue. Revenue x units reconciles to the $3.58M Y3 anchor.","Forecast revenue represents Innova-realized retail sell-through (after Amazon fees / retailer margin), not gross MSRP and not wholesale."
Oil Extractor Tool,Oil Extractor Tool,Oil Extractor (Auto + Manual),products/Oil Extractor Tool/index.html,Oil Extractor Tool,True,5,5.191,27550,188.43,blended_retail_sell_through_innova_realized,annual_units,188.42,B_adjacent_retail,derived,reconciled,3.58,3.58,1.0,N/A - already all-channel,2.03,0.0,2.3635,0.7975,0.0,0.0,0.0,0.0,5.191,OK,Adjacent w/ credible retail: Y4 = 1.25 x Y3 (retailer 4 onboards + Manual mix matures) ; Y5 = 1.45 x Y3 (organic Amazon ranking compounds).,"Reconciliation: revenue / annual units gives Innova-realized blended ASP that scales from $68 in Y1 (Amazon launch, Manual-heavy mix) to $188 in Y3 (Auto SKU dominant + retail mix). Wholesale supplier ASP is separately $24-27, used for COGS not revenue. Revenue x units reconciles to the $3.58M Y3 anchor.","Forecast revenue represents Innova-realized retail sell-through (after Amazon fees / retailer margin), not gross MSRP and not wholesale."
Borescope-CameraB,Articulating Borescope (Screen-Based),Borescope Screen-Based,products/Borescope-CameraB/index.html,Borescope Screen,True,1,3.8,27300,139.19,blended_retail_sell_through,annual_units,139.19,C_platform_big_bet,derived,report-derived,10.6,10.58,1.0,N/A - already all-channel,1.706,0.1544,1.9395,0.0,0.0,0.0,0.0,0.0,3.7999,OK,Platform big-bet: Y4 = 1.35 x Y3 (broader retail rollout maturing); Y5 = 1.65 x Y3 (replacement demand + tool-bundle attach).,Y4/Y5 ramp assumes offline sell-through velocity benchmarked on the Innova 3380 holds; conditional on retailer reorder cadence Y4.,Screen-Based is the homepage bubble; Wireless is a separate (validation-only) entity below.
Borescope-CameraB,Articulating Borescope (Screen-Based),Borescope Screen-Based,products/Borescope-CameraB/index.html,Borescope Screen,True,2,6.58,47300,139.11,blended_retail_sell_through,annual_units,139.11,C_platform_big_bet,derived,report-derived,10.6,10.58,1.0,N/A - already all-channel,2.9542,0.2674,3.3584,0.0,0.0,0.0,0.0,0.0,6.58,OK,Platform big-bet: Y4 = 1.35 x Y3 (broader retail rollout maturing); Y5 = 1.65 x Y3 (replacement demand + tool-bundle attach).,Y4/Y5 ramp assumes offline sell-through velocity benchmarked on the Innova 3380 holds; conditional on retailer reorder cadence Y4.,Screen-Based is the homepage bubble; Wireless is a separate (validation-only) entity below.
Borescope-CameraB,Articulating Borescope (Screen-Based),Borescope Screen-Based,products/Borescope-CameraB/index.html,Borescope Screen,True,3,10.58,73800,143.36,blended_retail_sell_through,annual_units,143.36,C_platform_big_bet,report-derived,report-derived,10.6,10.58,1.0,N/A - already all-channel,4.75,0.43,5.4,0.0,0.0,0.0,0.0,0.0,10.58,OK,Platform big-bet: Y4 = 1.35 x Y3 (broader retail rollout maturing); Y5 = 1.65 x Y3 (replacement demand + tool-bundle attach).,Y4/Y5 ramp assumes offline sell-through velocity benchmarked on the Innova 3380 holds; conditional on retailer reorder cadence Y4.,Screen-Based is the homepage bubble; Wireless is a separate (validation-only) entity below.
Borescope-CameraB,Articulating Borescope (Screen-Based),Borescope Screen-Based,products/Borescope-CameraB/index.html,Borescope Screen,True,4,14.28,99600,143.37,blended_retail_sell_through,annual_units,143.37,C_platform_big_bet,derived,report-derived,10.6,10.58,1.0,N/A - already all-channel,6.4112,0.5804,7.2885,0.0,0.0,0.0,0.0,0.0,14.2801,OK,Platform big-bet: Y4 = 1.35 x Y3 (broader retail rollout maturing); Y5 = 1.65 x Y3 (replacement demand + tool-bundle attach).,Y4/Y5 ramp assumes offline sell-through velocity benchmarked on the Innova 3380 holds; conditional on retailer reorder cadence Y4.,Screen-Based is the homepage bubble; Wireless is a separate (validation-only) entity below.
Borescope-CameraB,Articulating Borescope (Screen-Based),Borescope Screen-Based,products/Borescope-CameraB/index.html,Borescope Screen,True,5,17.46,121800,143.34,blended_retail_sell_through,annual_units,143.35,C_platform_big_bet,derived,report-derived,10.6,10.58,1.0,N/A - already all-channel,7.8388,0.7096,8.9115,0.0,0.0,0.0,0.0,0.0,17.4599,OK,Platform big-bet: Y4 = 1.35 x Y3 (broader retail rollout maturing); Y5 = 1.65 x Y3 (replacement demand + tool-bundle attach).,Y4/Y5 ramp assumes offline sell-through velocity benchmarked on the Innova 3380 holds; conditional on retailer reorder cadence Y4.,Screen-Based is the homepage bubble; Wireless is a separate (validation-only) entity below.
Borescope-CameraB,Articulating Borescope (Wireless/App),Borescope Wireless/App,products/Borescope-CameraB/index.html,Borescope Wireless,True,1,0.33,4100,80.49,blended_retail_sell_through,annual_units,80.49,D_validation_only,derived,report-derived,0.94,0.94,1.0,N/A - already all-channel; Amazon-native by definition,0.2984,0.0316,0.0,0.0,0.0,0.0,0.0,0.0,0.33,OK,Validation-only / NO-GO at sub-scale: Y4 = 1.10 x Y3 ; Y5 = 1.20 x Y3 only. No platform ramp.,NO-GO sub-scale. No clean selling-angle stack vs. the Screen-Based candidate. Kept on map with separate validation-only label.,Y4/Y5 deliberately flat to modest. Not a platform candidate.
Borescope-CameraB,Articulating Borescope (Wireless/App),Borescope Wireless/App,products/Borescope-CameraB/index.html,Borescope Wireless,True,2,0.6,7400,81.08,blended_retail_sell_through,annual_units,81.08,D_validation_only,derived,report-derived,0.94,0.94,1.0,N/A - already all-channel; Amazon-native by definition,0.5426,0.0574,0.0,0.0,0.0,0.0,0.0,0.0,0.6,OK,Validation-only / NO-GO at sub-scale: Y4 = 1.10 x Y3 ; Y5 = 1.20 x Y3 only. No platform ramp.,NO-GO sub-scale. No clean selling-angle stack vs. the Screen-Based candidate. Kept on map with separate validation-only label.,Y4/Y5 deliberately flat to modest. Not a platform candidate.
Borescope-CameraB,Articulating Borescope (Wireless/App),Borescope Wireless/App,products/Borescope-CameraB/index.html,Borescope Wireless,True,3,0.94,11600,81.03,blended_retail_sell_through,annual_units,81.03,D_validation_only,report-derived,report-derived,0.94,0.94,1.0,N/A - already all-channel; Amazon-native by definition,0.85,0.09,0.0,0.0,0.0,0.0,0.0,0.0,0.94,OK,Validation-only / NO-GO at sub-scale: Y4 = 1.10 x Y3 ; Y5 = 1.20 x Y3 only. No platform ramp.,NO-GO sub-scale. No clean selling-angle stack vs. the Screen-Based candidate. Kept on map with separate validation-only label.,Y4/Y5 deliberately flat to modest. Not a platform candidate.
Borescope-CameraB,Articulating Borescope (Wireless/App),Borescope Wireless/App,products/Borescope-CameraB/index.html,Borescope Wireless,True,4,1.034,12750,81.1,blended_retail_sell_through,annual_units,81.1,D_validation_only,derived,report-derived,0.94,0.94,1.0,N/A - already all-channel; Amazon-native by definition,0.935,0.099,0.0,0.0,0.0,0.0,0.0,0.0,1.034,OK,Validation-only / NO-GO at sub-scale: Y4 = 1.10 x Y3 ; Y5 = 1.20 x Y3 only. No platform ramp.,NO-GO sub-scale. No clean selling-angle stack vs. the Screen-Based candidate. Kept on map with separate validation-only label.,Y4/Y5 deliberately flat to modest. Not a platform candidate.
Borescope-CameraB,Articulating Borescope (Wireless/App),Borescope Wireless/App,products/Borescope-CameraB/index.html,Borescope Wireless,True,5,1.128,13900,81.15,blended_retail_sell_through,annual_units,81.15,D_validation_only,derived,report-derived,0.94,0.94,1.0,N/A - already all-channel; Amazon-native by definition,1.02,0.108,0.0,0.0,0.0,0.0,0.0,0.0,1.128,OK,Validation-only / NO-GO at sub-scale: Y4 = 1.10 x Y3 ; Y5 = 1.20 x Y3 only. No platform ramp.,NO-GO sub-scale. No clean selling-angle stack vs. the Screen-Based candidate. Kept on map with separate validation-only label.,Y4/Y5 deliberately flat to modest. Not a platform candidate.
Digital-Gauge,Digital Gauge,Digital Gauge (single SKU),products/Digital-Gauge/index.html,Digital Gauge,True,1,0.45,2400,187.5,fixed_retail_asp,annual_units,187.5,B_adjacent_retail,derived,report-derived,2.8,2.8,1.0,N/A - already all-channel (Amazon + AutoZone/Walmart regional pilot in base case),0.1929,0.0321,0.1366,0.0884,0.0,0.0,0.0,0.0,0.45,OK,"Adjacent w/ credible retail: Y4 = 1.25 x Y3 ; Y5 = 1.45 x Y3 (regional pilot scaling, accessory attach). National retail = upside, not base.","Upside scenario ($4.50M Y3) = national retail (HD/Lowe's/Ace + Harbor Freight) - shown only as scenario, not base.",Fixed $185 ASP across all years; revenue scales with channel reach not SKU count.
Digital-Gauge,Digital Gauge,Digital Gauge (single SKU),products/Digital-Gauge/index.html,Digital Gauge,True,2,1.45,7800,185.9,fixed_retail_asp,annual_units,185.9,B_adjacent_retail,derived,report-derived,2.8,2.8,1.0,N/A - already all-channel (Amazon + AutoZone/Walmart regional pilot in base case),0.6214,0.1036,0.4402,0.2848,0.0,0.0,0.0,0.0,1.45,OK,"Adjacent w/ credible retail: Y4 = 1.25 x Y3 ; Y5 = 1.45 x Y3 (regional pilot scaling, accessory attach). National retail = upside, not base.","Upside scenario ($4.50M Y3) = national retail (HD/Lowe's/Ace + Harbor Freight) - shown only as scenario, not base.",Fixed $185 ASP across all years; revenue scales with channel reach not SKU count.
Digital-Gauge,Digital Gauge,Digital Gauge (single SKU),products/Digital-Gauge/index.html,Digital Gauge,True,3,2.8,15100,185.43,fixed_retail_asp,annual_units,185.43,B_adjacent_retail,report-derived,report-derived,2.8,2.8,1.0,N/A - already all-channel (Amazon + AutoZone/Walmart regional pilot in base case),1.2,0.2,0.85,0.55,0.0,0.0,0.0,0.0,2.8,OK,"Adjacent w/ credible retail: Y4 = 1.25 x Y3 ; Y5 = 1.45 x Y3 (regional pilot scaling, accessory attach). National retail = upside, not base.","Upside scenario ($4.50M Y3) = national retail (HD/Lowe's/Ace + Harbor Freight) - shown only as scenario, not base.",Fixed $185 ASP across all years; revenue scales with channel reach not SKU count.
Digital-Gauge,Digital Gauge,Digital Gauge (single SKU),products/Digital-Gauge/index.html,Digital Gauge,True,4,3.5,18900,185.19,fixed_retail_asp,annual_units,185.19,B_adjacent_retail,derived,report-derived,2.8,2.8,1.0,N/A - already all-channel (Amazon + AutoZone/Walmart regional pilot in base case),1.5,0.25,1.0625,0.6875,0.0,0.0,0.0,0.0,3.5,OK,"Adjacent w/ credible retail: Y4 = 1.25 x Y3 ; Y5 = 1.45 x Y3 (regional pilot scaling, accessory attach). National retail = upside, not base.","Upside scenario ($4.50M Y3) = national retail (HD/Lowe's/Ace + Harbor Freight) - shown only as scenario, not base.",Fixed $185 ASP across all years; revenue scales with channel reach not SKU count.
Digital-Gauge,Digital Gauge,Digital Gauge (single SKU),products/Digital-Gauge/index.html,Digital Gauge,True,5,4.06,21950,184.97,fixed_retail_asp,annual_units,184.97,B_adjacent_retail,derived,report-derived,2.8,2.8,1.0,N/A - already all-channel (Amazon + AutoZone/Walmart regional pilot in base case),1.74,0.29,1.2325,0.7975,0.0,0.0,0.0,0.0,4.06,OK,"Adjacent w/ credible retail: Y4 = 1.25 x Y3 ; Y5 = 1.45 x Y3 (regional pilot scaling, accessory attach). National retail = upside, not base.","Upside scenario ($4.50M Y3) = national retail (HD/Lowe's/Ace + Harbor Freight) - shown only as scenario, not base.",Fixed $185 ASP across all years; revenue scales with channel reach not SKU count.
thermal-monocular,Thermal / Night Vision Monocular,Thermal / NV Monocular (Std + Premium SKUs),products/thermal-monocular/index.html,Thermal / NV Monocular,True,1,2.18,2500,872.0,blended_retail_sell_through,annual_units,872.0,B_adjacent_retail,derived,reconciled,5.24,5.24,1.0,N/A in BASE (already represents Amazon-primary base case). Upside scenario ONLY shows the channel uplift.,1.3313,0.0,0.0,0.0,0.7281,0.0,0.1206,0.0,2.18,OK,"Adjacent w/ credible retail: Y4 = 1.25 x Y3 ; Y5 = 1.45 x Y3, conditional on Cabela's / Bass Pro / Sportsman's Warehouse door velocity hitting 4-6 units per door per quarter.","Door-velocity sanity check (Y3 specialty retail): ~150 doors x ~5 units/door/yr x ~$870 blended ASP = ~$650K specialty retail headroom. The $1.75M specialty + Cabela's revenue line in the bridge therefore assumes ~310 doors x ~6 u/door/yr - confirm before treating as base. Upside scenario ($7.5-8.7M Y3) shown separately as upside, not base.","Forecast revenue represents estimated annual retail sell-through. Original $8.73M Y3 is shown in the report as upside, not base."
thermal-monocular,Thermal / Night Vision Monocular,Thermal / NV Monocular (Std + Premium SKUs),products/thermal-monocular/index.html,Thermal / NV Monocular,True,2,4.8,5500,872.73,blended_retail_sell_through,annual_units,872.73,B_adjacent_retail,derived,reconciled,5.24,5.24,1.0,N/A in BASE (already represents Amazon-primary base case). Upside scenario ONLY shows the channel uplift.,2.9313,0.0,0.0,0.0,1.6031,0.0,0.2656,0.0,4.8,OK,"Adjacent w/ credible retail: Y4 = 1.25 x Y3 ; Y5 = 1.45 x Y3, conditional on Cabela's / Bass Pro / Sportsman's Warehouse door velocity hitting 4-6 units per door per quarter.","Door-velocity sanity check (Y3 specialty retail): ~150 doors x ~5 units/door/yr x ~$870 blended ASP = ~$650K specialty retail headroom. The $1.75M specialty + Cabela's revenue line in the bridge therefore assumes ~310 doors x ~6 u/door/yr - confirm before treating as base. Upside scenario ($7.5-8.7M Y3) shown separately as upside, not base.","Forecast revenue represents estimated annual retail sell-through. Original $8.73M Y3 is shown in the report as upside, not base."
thermal-monocular,Thermal / Night Vision Monocular,Thermal / NV Monocular (Std + Premium SKUs),products/thermal-monocular/index.html,Thermal / NV Monocular,True,3,5.24,6000,873.33,blended_retail_sell_through,annual_units,873.33,B_adjacent_retail,reconciled,reconciled,5.24,5.24,1.0,N/A in BASE (already represents Amazon-primary base case). Upside scenario ONLY shows the channel uplift.,3.2,0.0,0.0,0.0,1.75,0.0,0.29,0.0,5.24,OK,"Adjacent w/ credible retail: Y4 = 1.25 x Y3 ; Y5 = 1.45 x Y3, conditional on Cabela's / Bass Pro / Sportsman's Warehouse door velocity hitting 4-6 units per door per quarter.","Door-velocity sanity check (Y3 specialty retail): ~150 doors x ~5 units/door/yr x ~$870 blended ASP = ~$650K specialty retail headroom. The $1.75M specialty + Cabela's revenue line in the bridge therefore assumes ~310 doors x ~6 u/door/yr - confirm before treating as base. Upside scenario ($7.5-8.7M Y3) shown separately as upside, not base.","Forecast revenue represents estimated annual retail sell-through. Original $8.73M Y3 is shown in the report as upside, not base."
thermal-monocular,Thermal / Night Vision Monocular,Thermal / NV Monocular (Std + Premium SKUs),products/thermal-monocular/index.html,Thermal / NV Monocular,True,4,6.55,7500,873.33,blended_retail_sell_through,annual_units,873.33,B_adjacent_retail,derived,reconciled,5.24,5.24,1.0,N/A in BASE (already represents Amazon-primary base case). Upside scenario ONLY shows the channel uplift.,4.0,0.0,0.0,0.0,2.1875,0.0,0.3625,0.0,6.55,OK,"Adjacent w/ credible retail: Y4 = 1.25 x Y3 ; Y5 = 1.45 x Y3, conditional on Cabela's / Bass Pro / Sportsman's Warehouse door velocity hitting 4-6 units per door per quarter.","Door-velocity sanity check (Y3 specialty retail): ~150 doors x ~5 units/door/yr x ~$870 blended ASP = ~$650K specialty retail headroom. The $1.75M specialty + Cabela's revenue line in the bridge therefore assumes ~310 doors x ~6 u/door/yr - confirm before treating as base. Upside scenario ($7.5-8.7M Y3) shown separately as upside, not base.","Forecast revenue represents estimated annual retail sell-through. Original $8.73M Y3 is shown in the report as upside, not base."
thermal-monocular,Thermal / Night Vision Monocular,Thermal / NV Monocular (Std + Premium SKUs),products/thermal-monocular/index.html,Thermal / NV Monocular,True,5,7.6,8700,873.56,blended_retail_sell_through,annual_units,873.56,B_adjacent_retail,derived,reconciled,5.24,5.24,1.0,N/A in BASE (already represents Amazon-primary base case). Upside scenario ONLY shows the channel uplift.,4.6412,0.0,0.0,0.0,2.5382,0.0,0.4206,0.0,7.6,OK,"Adjacent w/ credible retail: Y4 = 1.25 x Y3 ; Y5 = 1.45 x Y3, conditional on Cabela's / Bass Pro / Sportsman's Warehouse door velocity hitting 4-6 units per door per quarter.","Door-velocity sanity check (Y3 specialty retail): ~150 doors x ~5 units/door/yr x ~$870 blended ASP = ~$650K specialty retail headroom. The $1.75M specialty + Cabela's revenue line in the bridge therefore assumes ~310 doors x ~6 u/door/yr - confirm before treating as base. Upside scenario ($7.5-8.7M Y3) shown separately as upside, not base.","Forecast revenue represents estimated annual retail sell-through. Original $8.73M Y3 is shown in the report as upside, not base."
misfire-diagnostic-kit,Misfire Diagnostic Kit,Misfire Diagnostic Kit (single concept SKU),products/misfire-diagnostic-kit/index.html,Misfire Kit,False,1,0.2,1000,199.99,fixed_retail_asp,annual_units,200.0,D_validation_only,derived,reconciled,,0.8,1.0,"N/A - reverted; this is a validation-only concept, not an all-channel forecast",0.2,0.0,0.0,0.0,0.0,0.0,0.0,0.0,0.2,OK,Validation-only / niche: flat to modest growth (1.10 / 1.20) ONLY if the 3-SKU diagnostic family thesis holds.,"GATE: validation-only / in review. Not on homepage map. Promotion to base case requires (1) Amazon launch hitting 200-500 u/mo, (2) Innova retail SKU slot confirmed, (3) thesis on 3-SKU diagnostic family clarified.",Upside scenario ~$1.2M (500 u/mo). Treated as gated.
misfire-diagnostic-kit,Misfire Diagnostic Kit,Misfire Diagnostic Kit (single concept SKU),products/misfire-diagnostic-kit/index.html,Misfire Kit,False,2,0.5,2500,199.99,fixed_retail_asp,annual_units,200.0,D_validation_only,derived,reconciled,,0.8,1.0,"N/A - reverted; this is a validation-only concept, not an all-channel forecast",0.5,0.0,0.0,0.0,0.0,0.0,0.0,0.0,0.5,OK,Validation-only / niche: flat to modest growth (1.10 / 1.20) ONLY if the 3-SKU diagnostic family thesis holds.,"GATE: validation-only / in review. Not on homepage map. Promotion to base case requires (1) Amazon launch hitting 200-500 u/mo, (2) Innova retail SKU slot confirmed, (3) thesis on 3-SKU diagnostic family clarified.",Upside scenario ~$1.2M (500 u/mo). Treated as gated.
misfire-diagnostic-kit,Misfire Diagnostic Kit,Misfire Diagnostic Kit (single concept SKU),products/misfire-diagnostic-kit/index.html,Misfire Kit,False,3,0.8,4000,199.99,fixed_retail_asp,annual_units,200.0,D_validation_only,reconciled,reconciled,,0.8,1.0,"N/A - reverted; this is a validation-only concept, not an all-channel forecast",0.8,0.0,0.0,0.0,0.0,0.0,0.0,0.0,0.8,OK,Validation-only / niche: flat to modest growth (1.10 / 1.20) ONLY if the 3-SKU diagnostic family thesis holds.,"GATE: validation-only / in review. Not on homepage map. Promotion to base case requires (1) Amazon launch hitting 200-500 u/mo, (2) Innova retail SKU slot confirmed, (3) thesis on 3-SKU diagnostic family clarified.",Upside scenario ~$1.2M (500 u/mo). Treated as gated.
misfire-diagnostic-kit,Misfire Diagnostic Kit,Misfire Diagnostic Kit (single concept SKU),products/misfire-diagnostic-kit/index.html,Misfire Kit,False,4,0.88,4400,199.99,fixed_retail_asp,annual_units,200.0,D_validation_only,derived,reconciled,,0.8,1.0,"N/A - reverted; this is a validation-only concept, not an all-channel forecast",0.88,0.0,0.0,0.0,0.0,0.0,0.0,0.0,0.88,OK,Validation-only / niche: flat to modest growth (1.10 / 1.20) ONLY if the 3-SKU diagnostic family thesis holds.,"GATE: validation-only / in review. Not on homepage map. Promotion to base case requires (1) Amazon launch hitting 200-500 u/mo, (2) Innova retail SKU slot confirmed, (3) thesis on 3-SKU diagnostic family clarified.",Upside scenario ~$1.2M (500 u/mo). Treated as gated.
misfire-diagnostic-kit,Misfire Diagnostic Kit,Misfire Diagnostic Kit (single concept SKU),products/misfire-diagnostic-kit/index.html,Misfire Kit,False,5,0.96,4800,199.99,fixed_retail_asp,annual_units,200.0,D_validation_only,derived,reconciled,,0.8,1.0,"N/A - reverted; this is a validation-only concept, not an all-channel forecast",0.96,0.0,0.0,0.0,0.0,0.0,0.0,0.0,0.96,OK,Validation-only / niche: flat to modest growth (1.10 / 1.20) ONLY if the 3-SKU diagnostic family thesis holds.,"GATE: validation-only / in review. Not on homepage map. Promotion to base case requires (1) Amazon launch hitting 200-500 u/mo, (2) Innova retail SKU slot confirmed, (3) thesis on 3-SKU diagnostic family clarified.",Upside scenario ~$1.2M (500 u/mo). Treated as gated.
